name,time_period
"An, Brian P.",2012-2016
"An, Brian P.",2013-2017
"An, Brian P.",2014-2018
"An, Brian P.",2015-2019
"An, Brian P.",2016-2020
"An, Brian P.",2017-2021
"An, Brian P.",2020-2024
"Bai, Li",2009-2013
"Bai, Li",2010-2014
"Bai, Li",2011-2015
"Bai, Li",2012-2016
"Bai, Li",2018-2022
"Bai, Li",2019-2023
"Bai, Li",2020-2024
"Bai, Qiong",2020-2024
"Bao, Lei",2016-2020
"Bao, Lei",2017-2021
"Bao, Lei",2018-2022
"Bao, Lei",2019-2023
"Bao, Lei",2020-2024
"Cai, Jinfa",2017-2021
"Cai, Jinfa",2018-2022
"Cai, Jinfa",2019-2023
"Cai, Jinfa",2020-2024
"Cai, Yuzhuo",2009-2013
"Cai, Yuzhuo",2010-2014
"Cai, Yuzhuo",2011-2015
"Cai, Yuzhuo",2012-2016
"Cai, Yuzhuo",2013-2017
"Cai, Yuzhuo",2014-2018
"Cai, Yuzhuo",2018-2022
"Cai, Yuzhuo",2019-2023
"Cai, Yuzhuo",2020-2024
"Chai, Ching -Sing",2007-2011
"Chai, Ching -Sing",2008-2012
"Chai, Ching -Sing",2009-2013
"Chai, Ching -Sing",2010-2014
"Chai, Ching -Sing",2011-2015
"Chai, Ching -Sing",2012-2016
"Chai, Ching -Sing",2013-2017
"Chai, Ching -Sing",2014-2018
"Chai, Ching -Sing",2015-2019
"Chai, Ching -Sing",2016-2020
"Chai, Ching -Sing",2017-2021
"Chai, Ching -Sing",2018-2022
"Chai, Ching -Sing",2019-2023
"Chai, Ching -Sing",2020-2024
"Chai, Ching-Sing",2019-2023
"Chai, Ching-Sing",2020-2024
"Chang, Anna",2016-2020
"Chang, Anna",2017-2021
"Chang, Anna",2018-2022
"Chang, Anna",2019-2023
"Chang, Anna",2020-2024
"Chang, Aurora",2013-2017
"Chang, Aurora",2014-2018
"Chang, Aurora",2015-2019
"Chang, Aurora",2016-2020
"Chang, Ethan",2018-2022
"Chang, Ethan",2019-2023
"Chang, Ethan",2020-2024
"Chang, MJ",1998-2002
"Chang, MJ",1999-2003
"Chang, MJ",2000-2004
"Chang, Mitchell J.",2007-2011
"Chang, Mitchell J.",2008-2012
"Chang, Shine",2010-2014
"Chang, Shine",2011-2015
"Chang, Yunjeong",2020-2024
"Chen, Aleda M. H.",2013-2017
"Chen, Aleda M. H.",2014-2018
"Chen, Aleda M. H.",2015-2019
"Chen, Aleda M. H.",2016-2020
"Chen, Aleda M. H.",2017-2021
"Chen, Aleda M. H.",2018-2022
"Chen, Aleda M. H.",2019-2023
"Chen, Aleda M. H.",2020-2024
"Chen, Baiyun",2016-2020
"Chen, Baiyun",2017-2021
"Chen, Baiyun",2018-2022
"Chen, Bo",2020-2024
"Chen, Bodong",2015-2019
"Chen, Bodong",2016-2020
"Chen, Bodong",2017-2021
"Chen, Bodong",2018-2022
"Chen, Bodong",2019-2023
"Chen, Bodong",2020-2024
"Chen, Chen",2014-2018
"Chen, Chen",2015-2019
"Chen, Chen",2016-2020
"Chen, Chen",2017-2021
"Chen, Chen",2018-2022
"Chen, Chen",2019-2023
"Chen, Chen",2020-2024
"Chen, H. Carrie",2010-2014
"Chen, H. Carrie",2012-2016
"Chen, H. Carrie",2013-2017
"Chen, H. Carrie",2014-2018
"Chen, H. Carrie",2015-2019
"Chen, H. Carrie",2016-2020
"Chen, H. Carrie",2017-2021
"Chen, H. Carrie",2019-2023
"Chen, Hui",2020-2024
"Chen, Jie",2019-2023
"Chen, Jie",2020-2024
"Chen, Jin",2017-2021
"Chen, Jing",2018-2022
"Chen, Jing",2019-2023
"Chen, Jing",2020-2024
"Chen, Juebei",2019-2023
"Chen, Juebei",2020-2024
"Chen, Junjun",2010-2014
"Chen, Junjun",2011-2015
"Chen, Junjun",2012-2016
"Chen, Junjun",2013-2017
"Chen, Junjun",2020-2024
"Chen, Li",2013-2017
"Chen, Li",2014-2018
"Chen, Li",2015-2019
"Chen, Li",2016-2020
"Chen, Li",2017-2021
"Chen, Li",2019-2023
"Chen, Lilan",2018-2022
"Chen, Lilan",2019-2023
"Chen, Lilan",2020-2024
"Chen, Lin",2020-2024
"Chen, Ning",2019-2023
"Chen, Ning",2020-2024
"Chen, Rong",2018-2022
"Chen, Rong",2019-2023
"Chen, Rong",2020-2024
"Chen, Shu-Ping",2020-2024
"Chen, Sufen",2009-2013
"Chen, Sufen",2012-2016
"Chen, Wei",2017-2021
"Chen, Wei",2018-2022
"Chen, Wei",2020-2024
"Chen, Weiyun",2020-2024
"Chen, Wenli",2017-2021
"Chen, Wenli",2018-2022
"Chen, Wenli",2019-2023
"Chen, Wenli",2020-2024
"Chen, Wenqian",2016-2020
"Chen, Xiao-Yin",2020-2024
"Chen, Xin",2020-2024
"Chen, Xinnian",2017-2021
"Chen, Xinnian",2018-2022
"Chen, Yan",2017-2021
"Chen, Yan",2018-2022
"Chen, Yan",2019-2023
"Chen, Yan",2020-2024
"Chen, Ying",2018-2022
"Chen, Ying",2019-2023
"Chen, Ying",2020-2024
"Chen, Ying-Chih",2020-2024
"Chen, Yong",2013-2017
"Chen, Yong",2014-2018
"Chen, Yu",2018-2022
"Chen, Yu",2019-2023
"Chen, Yu",2020-2024
"Chen, Yu (April)",2013-2017
"Chen, Yu (April)",2014-2018
"Chen, Yu (April)",2015-2019
"Chen, Yu (April)",2016-2020
"Chen, Yu (April)",2017-2021
"Chen, Yue",2018-2022
"Chen, Yuxin",2020-2024
"Cheng, Albert",2017-2021
"Cheng, Albert",2019-2023
"Cheng, Hsiu-Lan",2016-2020
"Cheng, Hsiu-Lan",2017-2021
"Cheng, Li",2016-2020
"Cheng, Li",2017-2021
"Cheng, Li",2018-2022
"Cheng, Li",2019-2023
"Cheng, Li",2020-2024
"Cheng, Liying",2011-2015
"Cheng, Liying",2012-2016
"Cheng, Liying",2013-2017
"Cheng, Ming",2008-2012
"Cheng, Ming",2009-2013
"Cheng, Ming",2010-2014
"Cheng, Ming",2014-2018
"Cheng, Ming",2015-2019
"Cheng, Ming",2016-2020
"Cheng, Ming",2017-2021
"Cheng, Ming",2018-2022
"Cheng, Ming",2019-2023
"Cheng, Ming",2020-2024
"Cheng, Ying",2018-2022
"Cheng, Ying",2019-2023
"Cheng, Ying",2020-2024
"Cheng, Zui",2016-2020
"Cheng, Zui",2017-2021
"Cheng, Zui",2018-2022
"Cheng, Zui",2019-2023
"Cheng, Zui",2020-2024
"Chong, Sin Wang",2016-2020
"Chong, Sin Wang",2017-2021
"Chong, Sin Wang",2018-2022
"Chong, Sin Wang",2019-2023
"Chong, Sin Wang",2020-2024
"Chu, Tsz Lun (Alan)",2020-2024
"Cui, Yaqiong",2020-2024
"Dai, Kun",2016-2020
"Dai, Kun",2017-2021
"Dai, Kun",2018-2022
"Dai, Kun",2019-2023
"Dai, Kun",2020-2024
"Dai, Ting",2017-2021
"Dai, Ting",2018-2022
"Dai, Ting",2019-2023
"Dai, Ting",2020-2024
"Dai, Yun",2019-2023
"Dai, Yun",2020-2024
"Dang, Thi Ngoc Yen",2020-2024
"Ding, Lin",2010-2014
"Ding, Lin",2011-2015
"Ding, Lin",2012-2016
"Ding, Lin",2013-2017
"Ding, Lin",2014-2018
"Ding, Lin",2015-2019
"Ding, Lin",2016-2020
"Ding, Lu",2017-2021
"Ding, Lu",2018-2022
"Ding, Yi",2015-2019
"Ding, Yi",2016-2020
"Ding, Yi",2017-2021
"Ding, Yi",2018-2022
"Ding, Yi",2019-2023
"Dong, Shengli",2020-2024
"Dong, Ting",2010-2014
"Dong, Ting",2011-2015
"Dong, Ting",2012-2016
"Dong, Ting",2013-2017
"Dong, Ting",2014-2018
"Dong, Ting",2016-2020
"Dong, Ting",2017-2021
"Dong, Ting",2018-2022
"Dong, Ting",2019-2023
"Dong, Ting",2020-2024
"Dou, Remy",2015-2019
"Dou, Remy",2016-2020
"Dou, Remy",2017-2021
"Dou, Remy",2018-2022
"Dou, Remy",2019-2023
"Dou, Remy",2020-2024
"Du, Qian",2020-2024
"Du, Xiang-Yun",2016-2020
"Du, Xiang-Yun",2017-2021
"Du, Xiang-Yun",2018-2022
"Du, Xiang-Yun",2019-2023
"Du, Xiang-Yun",2020-2024
"Er, Erkan",2020-2024
"Er, Hui Meng",2019-2023
"Er, Hui Meng",2020-2024
"Fan, Si",2020-2024
"Fan, Weihua",2017-2021
"Fan, Weihua",2018-2022
"Fan, Xitao",2013-2017
"Fan, Xitao",2014-2018
"Fan, Xitao",2015-2019
"Fan, Xitao",2016-2020
"Fan, Xitao",2017-2021
"Fan, Xumei",2020-2024
"Fan, Yizhou",2020-2024
"Fang, Fan",2019-2023
"Fang, Fan",2020-2024
"Fang, Fan (Gabriel)",2016-2020
"Fang, Fan (Gabriel)",2017-2021
"Fang, Fan (Gabriel)",2018-2022
"Fang, Ning",2008-2012
"Fang, Ning",2009-2013
"Fang, Ning",2010-2014
"Fang, Ning",2011-2015
"Fang, Ning",2012-2016
"Fang, Ning",2013-2017
"Fang, Ning",2014-2018
"Fang, Ning",2015-2019
"Fang, Ning",2016-2020
"Fang, Ning",2017-2021
"Fang, Ning",2018-2022
"Fang, Ning",2019-2023
"Fang, Ning",2020-2024
"Fang, Yanping",2020-2024
"Gao, Catherine Yuan",2020-2024
"Gao, Fei",2013-2017
"Gao, Fei",2014-2018
"Gao, Fei",2015-2019
"Gao, Fei",2016-2020
"Gao, Fei",2017-2021
"Gao, Fei",2018-2022
"Gao, Fei",2019-2023
"Gao, Fei",2020-2024
"Gao, Ruiqin",2017-2021
"Gao, Ruiqin",2018-2022
"Gao, Ruiqin",2019-2023
"Gao, Ruiqin",2020-2024
"Gao, Xuesong",2014-2018
"Gao, Xuesong",2015-2019
"Gao, Xuesong (Andy)",2017-2021
"Gao, Xuesong (Andy)",2018-2022
"Gao, Xuesong (Andy)",2019-2023
"Gao, Xuesong (Andy)",2020-2024
"Gao, Yang",2020-2024
"Gao, Yuan",2015-2019
"Gao, Yuan",2017-2021
"Gao, Yuan",2018-2022
"Gao, Yuan",2019-2023
"Gao, Yuan",2020-2024
"Geng, Gretchen",2013-2017
"Gong, Hee Jung",2020-2024
"Gong, Jennifer",2016-2020
"Gong, Jennifer",2017-2021
"Gu, Michelle Mingyue",2019-2023
"Gu, Michelle Mingyue",2020-2024
"Gu, Qing",2005-2009
"Gu, Qing",2006-2010
"Gu, Qing",2007-2011
"Gu, Qing",2008-2012
"Guo, Jiajun",2018-2022
"Guo, Lin",2019-2023
"Guo, Lin",2020-2024
"Guo, Yan",2018-2022
"Guo, Yan",2019-2023
"Guo, Yan",2020-2024
"Guo, Ying",2019-2023
"Guo, Ying",2020-2024
"Ha, Eun-Ho",2014-2018
"Ha, Minsu",2010-2014
"Ha, Minsu",2011-2015
"Ha, Minsu",2012-2016
"Ha, Minsu",2014-2018
"Ha, Minsu",2017-2021
"Ha, Minsu",2018-2022
"Ha, Minsu",2019-2023
"Ha, Minsu",2020-2024
"Ha, Nguyen Thi Ngoc",2020-2024
"Ha, Phan Le",2019-2023
"Han, Chao",2017-2021
"Han, Chao",2018-2022
"Han, Cheon-Woo",2017-2021
"Han, Cheon-Woo",2018-2022
"Han, Feifei",2016-2020
"Han, Feifei",2017-2021
"Han, Feifei",2018-2022
"Han, Feifei",2019-2023
"Han, Feifei",2020-2024
"Han, Heeyoung",2012-2016
"Han, Heeyoung",2019-2023
"Han, Heeyoung",2020-2024
"Han, Insook",2018-2022
"Han, Insook",2019-2023
"Han, Jaeyun",2019-2023
"Han, Jaeyun",2020-2024
"Han, Shuangmiao",2016-2020
"Han, Shuangmiao",2017-2021
"Han, Shuangmiao",2018-2022
"Han, Shuangmiao",2019-2023
"Han, Shuangmiao",2020-2024
"Han, Suejung",2013-2017
"Han, Xiao",2015-2019
"Han, Xiao",2016-2020
"Han, Xiao",2020-2024
"He, Dan",2020-2024
"He, Hao",2020-2024
"He, Peng",2020-2024
"He, Tao",2017-2021
"He, Tao",2018-2022
"He, Tao",2019-2023
"He, Tao",2020-2024
"He, Wei",2020-2024
"He, Wenliang",2012-2016
"He, Wenliang",2013-2017
"He, Wenliang",2014-2018
"He, Wu",2009-2013
"He, Wu",2010-2014
"He, Wu",2011-2015
"Heng, Kimkong",2020-2024
"Heng, Leechin",2020-2024
"Heng, Tang T.",2015-2019
"Heng, Tang T.",2016-2020
"Heng, Tang T.",2017-2021
"Heng, Tang T.",2018-2022
"Hong, Hun-Gi",2020-2024
"Hong, Min",2020-2024
"Hong, Wei-Han",2018-2022
"Hong, Wei-Han",2019-2023
"Hong, Wei-Han",2020-2024
"Hou, Minghui",2020-2024
"Hu, Die",2018-2022
"Hu, Guangwei",2010-2014
"Hu, Guangwei",2011-2015
"Hu, Guangwei",2012-2016
"Hu, Guangwei",2013-2017
"Hu, Guangwei",2014-2018
"Hu, Guangwei",2015-2019
"Hu, Guangwei",2016-2020
"Hu, Guangwei",2017-2021
"Hu, Guangwei",2018-2022
"Hu, Guangwei",2019-2023
"Hu, Guangwei",2020-2024
"Hu, Jie",2020-2024
"Hu, SP",1998-2002
"Hu, SP",1999-2003
"Hu, SP",2000-2004
"Hu, SP",2001-2005
"Hu, Shouping",2006-2010
"Hu, Shouping",2007-2011
"Hu, Shouping",2008-2012
"Hu, Shouping",2009-2013
"Hu, Shouping",2010-2014
"Hu, Shouping",2011-2015
"Hu, Shouping",2012-2016
"Hu, Shouping",2013-2017
"Hu, Shouping",2014-2018
"Hu, Shouping",2015-2019
"Hu, Shouping",2016-2020
"Hu, Shouping",2017-2021
"Hu, Shouping",2018-2022
"Hu, Shouping",2019-2023
"Hu, Shouping",2020-2024
"Hu, Sihua",2017-2021
"Hu, Sihua",2018-2022
"Hu, Sihua",2019-2023
"Hu, Wendy",2013-2017
"Hu, Wendy",2014-2018
"Hu, Wendy",2015-2019
"Hu, Wendy",2016-2020
"Hu, Wendy",2017-2021
"Hu, Wendy",2018-2022
"Hu, Wendy",2019-2023
"Hu, Wendy",2020-2024
"Hu, Wendy C. Y.",2019-2023
"Hu, Xiaodan",2015-2019
"Hu, Xiaodan",2016-2020
"Hu, Xiaodan",2017-2021
"Hu, Xiaodan",2018-2022
"Hu, Xiaodan",2019-2023
"Hu, Xiaodan",2020-2024
"Huang, Francis L.",2014-2018
"Huang, Francis L.",2016-2020
"Huang, Futao",2011-2015
"Huang, Futao",2014-2018
"Huang, Futao",2015-2019
"Huang, Futao",2016-2020
"Huang, Futao",2017-2021
"Huang, Futao",2018-2022
"Huang, Futao",2019-2023
"Huang, Futao",2020-2024
"Huang, Grace C.",2015-2019
"Huang, Grace C.",2016-2020
"Huang, Grace C.",2018-2022
"Huang, Grace C.",2019-2023
"Huang, Grace C.",2020-2024
"Huang, Jian-Hao",2020-2024
"Huang, Jing",2020-2024
"Huang, Rong",2016-2020
"Huang, Rongjin",2020-2024
"Huang, Rui",2020-2024
"Huang, Ting",2020-2024
"Huang, Wen-Hao David",2010-2014
"Huang, Wen-Hao David",2011-2015
"Huang, Xiaoshan",2020-2024
"Huang, Yan",2019-2023
"Huang, Yan",2020-2024
"Huang, Ying",2020-2024
"Hui, Bronson",2020-2024
"Jian, Hua-Li",2007-2011
"Jian, Hua-Li",2008-2012
"Jiang, Lei",2020-2024
"Jiang, Shiyan",2020-2024
"Jiang, Zhehan",2018-2022
"Jiang, Zhehan",2019-2023
"Jiang, Zhehan",2020-2024
"Jin, Hui",2019-2023
"Jin, Hui",2020-2024
"Jin, Li",2018-2022
"Jin, Li",2019-2023
"Jin, Li",2020-2024
"Jin, Yan",2014-2018
"Jin, Yan",2016-2020
"Jin, Yan",2017-2021
"Jin, Yan",2020-2024
"Kang, Hosun",2020-2024
"Kang, Hyun-Sook",2020-2024
"Kang, Jina",2020-2024
"Kang, Sung 'Pil'",2020-2024
"Kang, Ye Ji",2020-2024
"Ke, Fengfeng",2018-2022
"Ke, Fengfeng",2019-2023
"Ke, Fengfeng",2020-2024
"Lai, Chun",2009-2013
"Lai, Chun",2011-2015
"Lai, Chun",2012-2016
"Lai, Chun",2013-2017
"Lai, Chun",2014-2018
"Lai, Chun",2015-2019
"Lai, Chun",2016-2020
"Lai, Chun",2017-2021
"Lai, Chun",2018-2022
"Lai, Chun",2019-2023
"Lai, Chun",2020-2024
"Lai, Cindy J.",2019-2023
"Lai, Cindy J.",2020-2024
"Lai, Hollis",2017-2021
"Lai, Hollis",2018-2022
"Lai, Kwok-Wing",2014-2018
"Lai, Kwok-Wing",2015-2019
"Lai, Yvonne",2019-2023
"Le, Ha Van",2020-2024
"Lei, Jun",2011-2015
"Lei, Jun",2012-2016
"Lei, Jun",2013-2017
"Lei, Jun",2014-2018
"Lei, Jun",2018-2022
"Lei, Jun",2019-2023
"Lei, Jun",2020-2024
"Lei, Qingli",2020-2024
"Li, Amy Y.",2014-2018
"Li, Amy Y.",2015-2019
"Li, Amy Y.",2016-2020
"Li, Amy Y.",2017-2021
"Li, Amy Y.",2018-2022
"Li, Amy Y.",2019-2023
"Li, Amy Y.",2020-2024
"Li, Bo",2018-2022
"Li, Chen",2018-2022
"Li, Chen",2019-2023
"Li, Chen",2020-2024
"Li, Dan",2018-2022
"Li, Dan",2020-2024
"Li, Dongmei",2020-2024
"Li, Fan",2020-2024
"Li, Hao",2020-2024
"Li, Hongli",2018-2022
"Li, Hongli",2019-2023
"Li, Hongli",2020-2024
"Li, Hui",2015-2019
"Li, Hui",2016-2020
"Li, Hui",2017-2021
"Li, Hui",2018-2022
"Li, Hui",2019-2023
"Li, Hui",2020-2024
"Li, Huiyong",2020-2024
"Li, Ian W.",2019-2023
"Li, Ian W.",2020-2024
"Li, Jia",2014-2018
"Li, Jia",2015-2019
"Li, Jia",2016-2020
"Li, Jia",2017-2021
"Li, Jia",2018-2022
"Li, Jia",2019-2023
"Li, Jia",2020-2024
"Li, Jian",2017-2021
"Li, Jian",2018-2022
"Li, Jian",2019-2023
"Li, Jian",2020-2024
"Li, Jiao",2017-2021
"Li, Jiao",2018-2022
"Li, Jiao",2019-2023
"Li, Jiao",2020-2024
"Li, Jie",2017-2021
"Li, Jie",2018-2022
"Li, Jie",2019-2023
"Li, Jie",2020-2024
"Li, Jing",2013-2017
"Li, Jing",2014-2018
"Li, Jing",2015-2019
"Li, Jing",2016-2020
"Li, Jing",2017-2021
"Li, Jing",2018-2022
"Li, Jing",2019-2023
"Li, Jing",2020-2024
"Li, Jun",2009-2013
"Li, Jun",2010-2014
"Li, Jun",2012-2016
"Li, Jun",2019-2023
"Li, Jun",2020-2024
"Li, Kun",2015-2019
"Li, Kun",2016-2020
"Li, Kun",2017-2021
"Li, Kun",2018-2022
"Li, Kun",2019-2023
"Li, Lan",2012-2016
"Li, Lan",2013-2017
"Li, Lan",2014-2018
"Li, Lan",2015-2019
"Li, Li",2010-2014
"Li, Li",2011-2015
"Li, Li",2012-2016
"Li, Li",2013-2017
"Li, Li",2014-2018
"Li, Li",2015-2019
"Li, Li",2017-2021
"Li, Li",2018-2022
"Li, Li",2019-2023
"Li, Li",2020-2024
"Li, Lin",2017-2021
"Li, Lin",2018-2022
"Li, Lin",2019-2023
"Li, Lin",2020-2024
"Li, Ling",2020-2024
"Li, Min",2017-2021
"Li, Min",2018-2022
"Li, Min",2019-2023
"Li, Min",2020-2024
"Li, Ming",2014-2018
"Li, Ming",2015-2019
"Li, Ming",2017-2021
"Li, Ming",2019-2023
"Li, Ming",2020-2024
"Li, Na",2017-2021
"Li, Na",2018-2022
"Li, Na",2019-2023
"Li, Na",2020-2024
"Li, Qing",2019-2023
"Li, Qing",2020-2024
"Li, Qiujie",2018-2022
"Li, Qiujie",2019-2023
"Li, Qiujie",2020-2024
"Li, Rui",2015-2019
"Li, Rui",2017-2021
"Li, Rui",2018-2022
"Li, Rui",2019-2023
"Li, Rui",2020-2024
"Li, Shan",2018-2022
"Li, Shan",2019-2023
"Li, Shan",2020-2024
"Li, Ting",2019-2023
"Li, Ting",2020-2024
"Li, Tingting",2020-2024
"Li, Tong",2019-2023
"Li, Tong",2020-2024
"Li, Wei",2012-2016
"Li, Wei",2014-2018
"Li, Wei",2015-2019
"Li, Wei",2016-2020
"Li, Wei",2017-2021
"Li, Wei",2018-2022
"Li, Wei",2019-2023
"Li, Wei",2020-2024
"Li, Xin",2015-2019
"Li, Xin",2016-2020
"Li, Xin",2017-2021
"Li, Xin",2018-2022
"Li, Xin",2019-2023
"Li, Xin",2020-2024
"Li, Xu",2020-2024
"Li, Yan",2008-2012
"Li, Yan",2009-2013
"Li, Yan",2010-2014
"Li, Yan",2011-2015
"Li, Yan",2012-2016
"Li, Yan",2013-2017
"Li, Yan",2014-2018
"Li, Yan",2015-2019
"Li, Yan",2016-2020
"Li, Yan",2017-2021
"Li, Yan",2018-2022
"Li, Yan",2019-2023
"Li, Yan",2020-2024
"Li, Yan-Yan",2016-2020
"Li, Yan-Yan",2017-2021
"Li, Yan-Yan",2018-2022
"Li, Yan-Yan",2019-2023
"Li, Yan-Yan",2020-2024
"Li, Yang",2020-2024
"Li, Yangqiuting",2018-2022
"Li, Yangqiuting",2019-2023
"Li, Yangqiuting",2020-2024
"Li, Ying",2019-2023
"Li, Ying",2020-2024
"Li, Yu",2020-2024
"Li, Yue",2020-2024
"Li, Yun",2019-2023
"Li, Yun",2020-2024
"Li, Zhen",2019-2023
"Li, Zhen",2020-2024
"Li, Zhi",2020-2024
"Liang, Yifei",2020-2024
"Lin, Ching-Hui",2020-2024
"Lin, Galvin Sim Siang",2020-2024
"Lin, Huann-Shyang",2010-2014
"Lin, Huann-Shyang",2011-2015
"Lin, Huann-Shyang",2012-2016
"Lin, Huann-Shyang",2013-2017
"Lin, Huann-Shyang",2014-2018
"Lin, Huann-Shyang",2015-2019
"Lin, Huann-Shyang",2017-2021
"Lin, Lijia",2013-2017
"Lin, Lijia",2016-2020
"Lin, Lijia",2017-2021
"Lin, Lijia",2020-2024
"Lin, Lin",2007-2011
"Lin, Lin",2008-2012
"Lin, Lin",2009-2013
"Lin, Lin",2010-2014
"Lin, Lin",2016-2020
"Lin, Lin",2018-2022
"Lin, Lin",2019-2023
"Lin, Lin",2020-2024
"Lin, Pei-Yi",2017-2021
"Lin, Shengjie",2017-2021
"Lin, Shengjie",2018-2022
"Lin, Shengjie",2019-2023
"Lin, Shengjie",2020-2024
"Lin, Shirley",2016-2020
"Lin, Shirley",2017-2021
"Lin, Shirley",2018-2022
"Lin, Shirley",2019-2023
"Lin, Shirley",2020-2024
"Lin, Xi",2018-2022
"Lin, Xi",2020-2024
"Lin, Yu-Cheng",2020-2024
"Lin, Yuqi",2020-2024
"Liu, Bing",2020-2024
"Liu, Bo",2020-2024
"Liu, Chang",2019-2023
"Liu, Chang",2020-2024
"Liu, Chunhong",2018-2022
"Liu, Chunhong",2019-2023
"Liu, Chunhong",2020-2024
"Liu, Dan",2019-2023
"Liu, Dan",2020-2024
"Liu, Huan",2020-2024
"Liu, Hui",2020-2024
"Liu, Jia",2019-2023
"Liu, Jia",2020-2024
"Liu, Jie",2016-2020
"Liu, Jie",2017-2021
"Liu, Jie",2019-2023
"Liu, Jie",2020-2024
"Liu, Jin",2017-2021
"Liu, Jin",2018-2022
"Liu, Jin",2019-2023
"Liu, Jin",2020-2024
"Liu, Jing",2018-2022
"Liu, Jing",2019-2023
"Liu, Jing",2020-2024
"Liu, Lu",2016-2020
"Liu, Lu",2017-2021
"Liu, Lu",2018-2022
"Liu, Lu",2019-2023
"Liu, Lu",2020-2024
"Liu, Min",2013-2017
"Liu, Min",2014-2018
"Liu, Min",2015-2019
"Liu, Min",2016-2020
"Liu, Min",2017-2021
"Liu, Min",2020-2024
"Liu, Ou Lydia",2008-2012
"Liu, Ou Lydia",2009-2013
"Liu, Ou Lydia",2010-2014
"Liu, Ou Lydia",2011-2015
"Liu, Ou Lydia",2012-2016
"Liu, Ou Lydia",2013-2017
"Liu, Ou Lydia",2014-2018
"Liu, Ou Lydia",2015-2019
"Liu, Ou Lydia",2016-2020
"Liu, Ou Lydia",2017-2021
"Liu, Ou Lydia",2018-2022
"Liu, Ou Lydia",2020-2024
"Liu, Qi",2020-2024
"Liu, Qian",2018-2022
"Liu, Qian",2019-2023
"Liu, Qian",2020-2024
"Liu, Qiao-Yi",2017-2021
"Liu, Qiao-Yi",2018-2022
"Liu, Qiao-Yi",2019-2023
"Liu, Qiao-Yi",2020-2024
"Liu, Tao",2019-2023
"Liu, Tao",2020-2024
"Liu, Ting",2017-2021
"Liu, Tingting",2019-2023
"Liu, Vivian Yuen Ting",2020-2024
"Liu, Wei",2015-2019
"Liu, Wei",2016-2020
"Liu, Wei",2017-2021
"Liu, Wei",2018-2022
"Liu, Wei",2019-2023
"Liu, Wei",2020-2024
"Liu, Xiaolu",2018-2022
"Liu, Xiaolu",2019-2023
"Liu, Xiaolu",2020-2024
"Liu, Xiufeng",2012-2016
"Liu, Xiufeng",2013-2017
"Liu, Xiufeng",2014-2018
"Liu, Xu",2017-2021
"Liu, Xu",2018-2022
"Liu, Xu",2019-2023
"Liu, Xu",2020-2024
"Liu, Yan",2016-2020
"Liu, Yan",2017-2021
"Liu, Yan",2018-2022
"Liu, Yan",2019-2023
"Liu, Yan",2020-2024
"Liu, Yang",2015-2019
"Liu, Yang",2016-2020
"Liu, Yang",2017-2021
"Liu, Yang",2018-2022
"Liu, Yang",2019-2023
"Liu, Yang",2020-2024
"Liu, Ye",2015-2019
"Liu, Ye",2018-2022
"Liu, Ying",2009-2013
"Liu, Ying",2010-2014
"Liu, Ying",2011-2015
"Liu, Ying",2017-2021
"Liu, Ying",2020-2024
"Liu, Yong",2020-2024
"Liu, Yu",2020-2024
"Liu, Yuchen",2020-2024
"Liu, Yujuan",2016-2020
"Liu, Yujuan",2017-2021
"Liu, Yujuan",2018-2022
"Liu, Yujuan",2019-2023
"Liu, Yujuan",2020-2024
"Long, Holly",2017-2021
"Long, Holly",2018-2022
"Long, Holly",2019-2023
"Long, Holly",2020-2024
"Long, Mark C.",2017-2021
"Long, Mark C.",2018-2022
"Long, Mark C.",2019-2023
"Long, Miaolang",2019-2023
"Long, Miaolang",2020-2024
"Long, Russell A.",2011-2015
"Long, Susi",2019-2023
"Long, Susi",2020-2024
"Long, Taotao",2016-2020
"Long, Taotao",2017-2021
"Long, Taotao",2018-2022
"Long, Taotao",2019-2023
"Long, Taotao",2020-2024
"Lou, Nigel Mantou",2016-2020
"Lou, Nigel Mantou",2017-2021
"Lou, Nigel Mantou",2018-2022
"Lou, Nigel Mantou",2019-2023
"Lou, Nigel Mantou",2020-2024
"Lu, Dave W.",2014-2018
"Lu, Dave W.",2017-2021
"Lu, Jinjin",2018-2022
"Lu, Lin",2018-2022
"Lu, Lin",2019-2023
"Lu, Lin",2020-2024
"Lu, Wei",2020-2024
"Lu, Wei-Hsin",2013-2017
"Lu, Wei-Hsin",2014-2018
"Lu, Wei-Hsin",2015-2019
"Lu, Wei-Hsin",2016-2020
"Lu, Wei-Hsin",2017-2021
"Lu, Xiaofei",2018-2022
"Lu, Xiaofei",2019-2023
"Lu, Xiaofei",2020-2024
"Luo, Han",2020-2024
"Luo, Linlin",2018-2022
"Luo, Tian",2013-2017
"Luo, Tian",2014-2018
"Luo, Tian",2015-2019
"Luo, Tian",2016-2020
"Luo, Tian",2017-2021
"Luo, Tian",2018-2022
"Luo, Tian",2019-2023
"Luo, Tian",2020-2024
"Ma, Irene W. Y.",2013-2017
"Ma, Irene W. Y.",2014-2018
"Ma, Irene W. Y.",2015-2019
"Ma, Qing",2020-2024
"Ma, Yue",2020-2024
"Man, Deliang",2017-2021
"Man, Deliang",2018-2022
"Man, Deliang",2019-2023
"Man, Deliang",2020-2024
"Ming, Long Chiau",2020-2024
"Mu, Guanglun Michael",2018-2022
"Mu, Guanglun Michael",2019-2023
"Mu, Guanglun Michael",2020-2024
"Nie, Ming",2009-2013
"Ning, Hoi Kwan",2008-2012
"Ning, Hoi Kwan",2009-2013
"Ning, Hoi Kwan",2010-2014
"Ouyang, Fan",2017-2021
"Ouyang, Fan",2018-2022
"Ouyang, Fan",2019-2023
"Ouyang, Fan",2020-2024
"Pan, Gary",2017-2021
"Pan, Gary",2018-2022
"Pan, Gary",2019-2023
"Pang, Bonnie",2018-2022
"Pang, Feng",2020-2024
"Pu, Shi",2020-2024
"Qi, Grace Yue",2020-2024
"Qian, Meihua",2016-2020
"Qian, Meihua",2017-2021
"Qian, Meihua",2018-2022
"Quan, Gina M.",2016-2020
"Quan, Gina M.",2017-2021
"Quan, Gina M.",2018-2022
"Quan, Gina M.",2019-2023
"Rao, Namrata",2017-2021
"Rao, Namrata",2019-2023
"Rao, Namrata",2020-2024
"Ren, Wei",2018-2022
"Ren, Wei",2019-2023
"Ren, Wei",2020-2024
"Ren, Xinyue",2019-2023
"Ren, Xinyue",2020-2024
"Shi, Dexin",2019-2023
"Shi, Dexin",2020-2024
"Shi, Hui",2020-2024
"Shi, Ling",2011-2015
"Shi, Ling",2012-2016
"Shi, Ling",2013-2017
"Shi, Ling",2014-2018
"Shi, Ling",2015-2019
"Shi, Lu",2020-2024
"Song, Mengli",2020-2024
"Song, Yang",2018-2022
"Song, Yang",2019-2023
"Song, Yang",2020-2024
"Song, Yanjie",2017-2021
"Song, Yanjie",2019-2023
"Song, Yanjie",2020-2024
"Su, Feng",2019-2023
"Su, Yu",2015-2019
"Su, Yu",2016-2020
"Su, Yu",2017-2021
"Su, Yu",2018-2022
"Sun, Daner",2020-2024
"Sun, Peijian (Paul)",2020-2024
"Sun, Qi",2018-2022
"Sun, Qi",2019-2023
"Sun, Qi",2020-2024
"Sun, Ting",2018-2022
"Sun, Ting",2019-2023
"Sun, Ting",2020-2024
"Sun, Wei",2019-2023
"Sun, Wei",2020-2024
"Sun, Xin",2020-2024
"Sun, Yachao",2020-2024
"Sun, Yi",2019-2023
"Sun, Yi",2020-2024
"Sun, Yu",2020-2024
"Tai, Joanna",2015-2019
"Tai, Joanna",2016-2020
"Tai, Joanna",2017-2021
"Tai, Joanna",2018-2022
"Tai, Joanna",2019-2023
"Tai, Joanna",2020-2024
"Tai, Robert H.",2008-2012
"Tai, Robert H.",2009-2013
"Tai, Robert H.",2010-2014
"Tai, Robert H.",2011-2015
"Tai, Robert H.",2012-2016
"Tai, Robert H.",2013-2017
"Tai, Robert H.",2014-2018
"Tan, Grace",2006-2010
"Tan, Grace",2007-2011
"Tan, Grace",2009-2013
"Tan, Kevin",2020-2024
"Tan, Seng Chee",2019-2023
"Tan, Seng Chee",2020-2024
"Tan, Tony Xing",2020-2024
"Tang, Hengtao",2018-2022
"Tang, Hengtao",2019-2023
"Tang, Hengtao",2020-2024
"Tang, Kok-Sing",2018-2022
"Tang, Kok-Sing",2019-2023
"Tang, Kok-Sing",2020-2024
"Tang, Ying",2016-2020
"Tang, Ying",2017-2021
"Tang, Ying",2018-2022
"Tang, Ying",2019-2023
"Tang, Ying",2020-2024
"Teng, Lin Sophie",2016-2020
"Tian, Jing",2015-2019
"Tian, Jing",2016-2020
"Tian, Jing",2017-2021
"Tian, Jing",2018-2022
"Tian, Jing",2019-2023
"Tian, Jing",2020-2024
"Tian, Zhongfeng",2020-2024
"Tong, Fuhui",2020-2024
"Tong, Peiru",2020-2024
"Tu, Chia-Ching",2019-2023
"Tu, Chia-Ching",2020-2024
"Wan, Chang Da",2017-2021
"Wan, Chang Da",2018-2022
"Wan, Chang Da",2019-2023
"Wan, Chang Da",2020-2024
"Wan, Tong",2020-2024
"Wang, Bo",2018-2022
"Wang, Bo",2019-2023
"Wang, Bo",2020-2024
"Wang, Charles Xiaoxue",2018-2022
"Wang, Chuang",2015-2019
"Wang, Chuang",2016-2020
"Wang, Chuang",2017-2021
"Wang, Chuang",2018-2022
"Wang, Chuang",2019-2023
"Wang, Chuang",2020-2024
"Wang, Cixin",2020-2024
"Wang, Cong",2016-2020
"Wang, Cong",2017-2021
"Wang, Cong",2018-2022
"Wang, Cong",2019-2023
"Wang, Cong",2020-2024
"Wang, Dan",2020-2024
"Wang, Donna",2011-2015
"Wang, Donna",2012-2016
"Wang, Donna",2013-2017
"Wang, Fei",2019-2023
"Wang, Fei",2020-2024
"Wang, Fuxing",2019-2023
"Wang, Fuxing",2020-2024
"Wang, Hao",2020-2024
"Wang, Hui",2020-2024
"Wang, Jia",2017-2021
"Wang, Jia",2018-2022
"Wang, Jia",2019-2023
"Wang, Jia",2020-2024
"Wang, Jiahui",2016-2020
"Wang, Jiahui",2017-2021
"Wang, Jiahui",2018-2022
"Wang, Jiahui",2019-2023
"Wang, Jiahui",2020-2024
"Wang, Jiayi",2017-2021
"Wang, Jiayi",2018-2022
"Wang, Jie",2018-2022
"Wang, Jie",2019-2023
"Wang, Jie",2020-2024
"Wang, Jing",2013-2017
"Wang, Jing",2014-2018
"Wang, Jing",2015-2019
"Wang, Jing",2016-2020
"Wang, Jing",2017-2021
"Wang, Jing",2018-2022
"Wang, Jing",2019-2023
"Wang, Jing",2020-2024
"Wang, Jue",2020-2024
"Wang, Jun",2020-2024
"Wang, Kai",2019-2023
"Wang, Kai",2020-2024
"Wang, Ke",2020-2024
"Wang, Kenneth T.",2011-2015
"Wang, Kenneth T.",2012-2016
"Wang, Lei",2019-2023
"Wang, Lei",2020-2024
"Wang, Li",2017-2021
"Wang, Li",2018-2022
"Wang, Li",2019-2023
"Wang, Li",2020-2024
"Wang, Li-Qiong",2016-2020
"Wang, Ling",2018-2022
"Wang, Ling",2019-2023
"Wang, Ling",2020-2024
"Wang, Lu",2018-2022
"Wang, Lu",2019-2023
"Wang, Lu",2020-2024
"Wang, Min",2017-2021
"Wang, Min",2018-2022
"Wang, Min",2019-2023
"Wang, Min",2020-2024
"Wang, Minjuan",2005-2009
"Wang, Minjuan",2006-2010
"Wang, Minjuan",2007-2011
"Wang, Minjuan",2020-2024
"Wang, Na",2020-2024
"Wang, Ning",2020-2024
"Wang, Ping",2017-2021
"Wang, Ping",2019-2023
"Wang, Ping",2020-2024
"Wang, Qi",2019-2023
"Wang, Qi",2020-2024
"Wang, Qian",2016-2020
"Wang, Qian",2017-2021
"Wang, Qian",2018-2022
"Wang, Qian",2019-2023
"Wang, Qian",2020-2024
"Wang, Qing",2016-2020
"Wang, Qing",2017-2021
"Wang, Qing",2018-2022
"Wang, Qing",2019-2023
"Wang, Qing",2020-2024
"Wang, Qiu",2020-2024
"Wang, Qiyun",2015-2019
"Wang, Qiyun",2016-2020
"Wang, Qiyun",2017-2021
"Wang, Qiyun",2019-2023
"Wang, Qiyun",2020-2024
"Wang, Rong",2018-2022
"Wang, Rong",2019-2023
"Wang, Rong",2020-2024
"Wang, Rui",2020-2024
"Wang, Sihui",2018-2022
"Wang, Sihui",2019-2023
"Wang, Tao",2019-2023
"Wang, Tao",2020-2024
"Wang, Victor C. X.",2007-2011
"Wang, Victor C. X.",2008-2012
"Wang, Victor C. X.",2009-2013
"Wang, Victor C. X.",2010-2014
"Wang, Victor C. X.",2011-2015
"Wang, Wei",2017-2021
"Wang, Wei",2018-2022
"Wang, Wei",2019-2023
"Wang, Wei",2020-2024
"Wang, Xi",2019-2023
"Wang, Xi",2020-2024
"Wang, Xiaoran",2020-2024
"Wang, Xiaoyan",2019-2023
"Wang, Xiaoyan",2020-2024
"Wang, Xin",2018-2022
"Wang, Xin",2019-2023
"Wang, Xin",2020-2024
"Wang, Xinghua",2018-2022
"Wang, Xinghua",2019-2023
"Wang, Xinghua",2020-2024
"Wang, Xueli",2009-2013
"Wang, Xueli",2010-2014
"Wang, Xueli",2011-2015
"Wang, Xueli",2012-2016
"Wang, Xueli",2013-2017
"Wang, Xueli",2014-2018
"Wang, Xueli",2015-2019
"Wang, Xueli",2016-2020
"Wang, Xueli",2017-2021
"Wang, Xueli",2018-2022
"Wang, Xueli",2019-2023
"Wang, Xueli",2020-2024
"Wang, Yan",2012-2016
"Wang, Yan",2013-2017
"Wang, Yan",2014-2018
"Wang, Yan",2015-2019
"Wang, Yan",2016-2020
"Wang, Yan",2017-2021
"Wang, Yan",2018-2022
"Wang, Yan",2019-2023
"Wang, Yan",2020-2024
"Wang, Yang",2015-2019
"Wang, Yang",2016-2020
"Wang, Yang",2017-2021
"Wang, Yang",2018-2022
"Wang, Yang",2019-2023
"Wang, Yang",2020-2024
"Wang, Yanjun",2019-2023
"Wang, Yanjun",2020-2024
"Wang, Ye",2006-2010
"Wang, Ye",2007-2011
"Wang, Ye",2008-2012
"Wang, Ye",2009-2013
"Wang, Ye",2010-2014
"Wang, Ye",2014-2018
"Wang, Yi",2020-2024
"Wang, Ying",2015-2019
"Wang, Ying",2016-2020
"Wang, Ying",2017-2021
"Wang, Ying",2018-2022
"Wang, Ying",2019-2023
"Wang, Ying",2020-2024
"Wang, Ying Xian",2020-2024
"Wang, Yong",2018-2022
"Wang, Yu",2019-2023
"Wang, Yu",2020-2024
"Wang, Zhe",2020-2024
"Wang, Zhiqi",2015-2019
"Wei, MF",2001-2005
"Wei, MF",2002-2006
"Wei, MF",2003-2007
"Wei, MF",2004-2008
"Wei, Meifen",2010-2014
"Wei, Meifen",2011-2015
"Wei, Meifen",2012-2016
"Wei, Meifen",2013-2017
"Wei, Meifen",2014-2018
"Wei, Wei",2012-2016
"Wei, Wei",2013-2017
"Wei, Wei",2015-2019
"Wei, Wei",2017-2021
"Wei, Wei",2018-2022
"Wei, Wei",2019-2023
"Wei, Wei",2020-2024
"Wei, Xin",2013-2017
"Wei, Xin",2014-2018
"Wei, Xin",2015-2019
"Wei, Xin",2016-2020
"Wei, Xin",2017-2021
"Wen, Wen",2016-2020
"Wen, Wen",2017-2021
"Wen, Wen",2018-2022
"Wen, Wen",2019-2023
"Wen, Yun",2019-2023
"Wen, Yun",2020-2024
"Wu, Hao",2020-2024
"Wu, Hsin-Kai",2010-2014
"Wu, Hsin-Kai",2011-2015
"Wu, Hsin-Kai",2012-2016
"Wu, Hsin-Kai",2013-2017
"Wu, Ke",2020-2024
"Wu, Qi",2017-2021
"Wu, Qi",2018-2022
"Wu, Wei",2014-2018
"Wu, Wei",2016-2020
"Wu, Wei",2017-2021
"Wu, Wei",2018-2022
"Wu, Wei",2019-2023
"Wu, Wei",2020-2024
"Xiang, Ping",2013-2017
"Xiang, Ping",2014-2018
"Xiang, Ping",2015-2019
"Xiang, Ping",2016-2020
"Xiang, Ping",2017-2021
"Xiao, Junhong",2010-2014
"Xiao, Junhong",2016-2020
"Xiao, Junhong",2018-2022
"Xiao, Junhong",2019-2023
"Xiao, Junhong",2020-2024
"Xie, Charles",2018-2022
"Xie, Jingrong",2017-2021
"Xie, Jingrong",2018-2022
"Xie, Jingrong",2019-2023
"Xie, Jingrong",2020-2024
"Xie, Kui",2010-2014
"Xie, Kui",2014-2018
"Xie, Kui",2015-2019
"Xie, Kui",2016-2020
"Xie, Kui",2017-2021
"Xie, Kui",2018-2022
"Xie, Kui",2019-2023
"Xie, Kui",2020-2024
"Xie, Ying",2016-2020
"Xing, Wanli",2015-2019
"Xing, Wanli",2016-2020
"Xing, Wanli",2017-2021
"Xing, Wanli",2018-2022
"Xing, Wanli",2019-2023
"Xing, Wanli",2020-2024
"Xiong, Weiyan",2016-2020
"Xiong, Weiyan",2017-2021
"Xiong, Weiyan",2018-2022
"Xiong, Weiyan",2019-2023
"Xiong, Weiyan",2020-2024
"Xu, Cora Lingling",2019-2023
"Xu, Cora Lingling",2020-2024
"Xu, Di",2012-2016
"Xu, Di",2013-2017
"Xu, Di",2014-2018
"Xu, Di",2015-2019
"Xu, Di",2016-2020
"Xu, Di",2017-2021
"Xu, Di",2018-2022
"Xu, Di",2019-2023
"Xu, Di",2020-2024
"Xu, Jian",2018-2022
"Xu, Jian",2019-2023
"Xu, Jian",2020-2024
"Xu, Jianzhong",2013-2017
"Xu, Jianzhong",2014-2018
"Xu, Jianzhong",2015-2019
"Xu, Jianzhong",2019-2023
"Xu, Jie",2020-2024
"Xu, Jun",2020-2024
"Xu, Lei",2015-2019
"Xu, Lei",2016-2020
"Xu, Lei",2017-2021
"Xu, Lei",2018-2022
"Xu, Lei",2019-2023
"Xu, Lei",2020-2024
"Xu, Linlin",2017-2021
"Xu, Linlin",2018-2022
"Xu, Linlin",2019-2023
"Xu, Linlin",2020-2024
"Xu, XiaoShu",2019-2023
"Xu, XiaoShu",2020-2024
"Xu, Xin",2017-2021
"Xu, Xin",2018-2022
"Xu, Xin",2019-2023
"Xu, Xin",2020-2024
"Xu, Xing",2020-2024
"Xu, Xinhao",2020-2024
"Xu, Ying",2019-2023
"Xu, Ying",2020-2024
"Xu, Yonghong Jade",2014-2018
"Yan, Veronica X.",2019-2023
"Yan, Veronica X.",2020-2024
"Yan, Xun",2017-2021
"Yan, Yu",2018-2022
"Yan, Yu",2019-2023
"Yan, Yu",2020-2024
"Yan, Zi",2016-2020
"Yan, Zi",2017-2021
"Yan, Zi",2018-2022
"Yan, Zi",2019-2023
"Yan, Zi",2020-2024
"Yang, Dong",2020-2024
"Yang, Fan",2017-2021
"Yang, Fan",2020-2024
"Yang, Harrison H.",2019-2023
"Yang, Harrison Hao",2015-2019
"Yang, Harrison Hao",2016-2020
"Yang, Harrison Hao",2017-2021
"Yang, Harrison Hao",2018-2022
"Yang, Harrison Hao",2019-2023
"Yang, Harrison Hao",2020-2024
"Yang, Hui",2020-2024
"Yang, Jie",2019-2023
"Yang, Jie",2020-2024
"Yang, Lan",2020-2024
"Yang, Lili",2018-2022
"Yang, Lili",2019-2023
"Yang, Lili",2020-2024
"Yang, Liu",2020-2024
"Yang, Rui",2004-2008
"Yang, Rui",2005-2009
"Yang, Rui",2006-2010
"Yang, Rui",2007-2011
"Yang, Rui",2008-2012
"Yang, Rui",2009-2013
"Yang, Rui",2010-2014
"Yang, Rui",2011-2015
"Yang, Rui",2012-2016
"Yang, Rui",2013-2017
"Yang, Rui",2014-2018
"Yang, Rui",2015-2019
"Yang, Rui",2016-2020
"Yang, Rui",2017-2021
"Yang, Rui",2018-2022
"Yang, Rui",2019-2023
"Yang, Rui",2020-2024
"Yang, Sohyun",2020-2024
"Yang, Weipeng",2019-2023
"Yang, Weipeng",2020-2024
"Yang, Yan",2009-2013
"Yang, Yan",2010-2014
"Yang, Yan",2011-2015
"Yang, Yan",2019-2023
"Yang, Yan",2020-2024
"Yang, Yang",2012-2016
"Yang, Yang",2013-2017
"Yang, Yang",2014-2018
"Yang, Yang",2016-2020
"Yang, Yang",2017-2021
"Yang, Yang",2018-2022
"Yang, Yang",2019-2023
"Yang, Yang",2020-2024
"Yang, Yi",2019-2023
"Yang, Yi",2020-2024
"Yang, Ying",2019-2023
"Yang, Ying",2020-2024
"Yao, Christina W.",2017-2021
"Yao, Christina W.",2018-2022
"Yao, Christina W.",2019-2023
"Yao, Christina W.",2020-2024
"Ye, Li",2018-2022
"Ye, Li",2019-2023
"Ye, Li",2020-2024
"Ye, Xiaoyang",2019-2023
"Ye, Xiaoyang",2020-2024
"Yi, Jacqueline",2020-2024
"Yi, Varaxy",2020-2024
"Yin, Yue",2020-2024
"You, Hye Sun",2018-2022
"You, Ji Won",2014-2018
"Yu, Gracia Fe B.",2016-2020
"Yu, Gracia Fe B.",2017-2021
"Yu, Gracia Fe B.",2018-2022
"Yu, Gracia Fe B.",2019-2023
"Yu, Gracia Fe B.",2020-2024
"Yu, Jing",2019-2023
"Yu, Jing",2020-2024
"Yu, Kun",2020-2024
"Yu, Liang",2020-2024
"Yu, Melissa H.",2018-2022
"Yu, Mong-Lin",2019-2023
"Yu, Mong-Lin",2020-2024
"Yuan, Mei",2018-2022
"Yuan, Mei",2019-2023
"Yuan, Mei",2020-2024
"Zha, Shenghua",2018-2022
"Zha, Shenghua",2019-2023
"Zhang, Fan",2013-2017
"Zhang, Fan",2014-2018
"Zhang, Fan",2015-2019
"Zhang, Fan",2016-2020
"Zhang, Fan",2017-2021
"Zhang, Fan",2018-2022
"Zhang, Fan",2019-2023
"Zhang, Fan",2020-2024
"Zhang, Han",2020-2024
"Zhang, Hao",2020-2024
"Zhang, Hongzhi",2017-2021
"Zhang, Hongzhi",2018-2022
"Zhang, Hui",2015-2019
"Zhang, Hui",2016-2020
"Zhang, Hui",2019-2023
"Zhang, Hui",2020-2024
"Zhang, Jie",2007-2011
"Zhang, Jie",2008-2012
"Zhang, Jie",2009-2013
"Zhang, Jie",2010-2014
"Zhang, Jie",2012-2016
"Zhang, Jie",2013-2017
"Zhang, Jie",2014-2018
"Zhang, Jie",2015-2019
"Zhang, Jie",2016-2020
"Zhang, Jie",2017-2021
"Zhang, Jie",2018-2022
"Zhang, Jie",2019-2023
"Zhang, Jie",2020-2024
"Zhang, Jing",2015-2019
"Zhang, Jing",2016-2020
"Zhang, Jing",2017-2021
"Zhang, Jing",2018-2022
"Zhang, Jing",2019-2023
"Zhang, Jing",2020-2024
"Zhang, Jingjing",2017-2021
"Zhang, Jingjing",2018-2022
"Zhang, Jingjing",2019-2023
"Zhang, Jingjing",2020-2024
"Zhang, Jun",2019-2023
"Zhang, Jun",2020-2024
"Zhang, Ke",2020-2024
"Zhang, Lawrence Jun",2010-2014
"Zhang, Lawrence Jun",2012-2016
"Zhang, Lawrence Jun",2013-2017
"Zhang, Lawrence Jun",2014-2018
"Zhang, Lawrence Jun",2015-2019
"Zhang, Lawrence Jun",2016-2020
"Zhang, Lawrence Jun",2017-2021
"Zhang, Lawrence Jun",2018-2022
"Zhang, Lawrence Jun",2019-2023
"Zhang, Lawrence Jun",2020-2024
"Zhang, Lei",2019-2023
"Zhang, Lei",2020-2024
"Zhang, Li-fang",2003-2007
"Zhang, Li-fang",2004-2008
"Zhang, Li-fang",2005-2009
"Zhang, Li-fang",2006-2010
"Zhang, Li-fang",2007-2011
"Zhang, Li-fang",2008-2012
"Zhang, Li-fang",2009-2013
"Zhang, Li-fang",2010-2014
"Zhang, Li-fang",2011-2015
"Zhang, Li-fang",2012-2016
"Zhang, Li-fang",2013-2017
"Zhang, Li-fang",2014-2018
"Zhang, Li-fang",2015-2019
"Zhang, Li-fang",2016-2020
"Zhang, Li-fang",2017-2021
"Zhang, Li-fang",2018-2022
"Zhang, Li-fang",2019-2023
"Zhang, Li-fang",2020-2024
"Zhang, Liang",2006-2010
"Zhang, Liang",2007-2011
"Zhang, Liang",2008-2012
"Zhang, Liang",2009-2013
"Zhang, Liang",2010-2014
"Zhang, Liang",2016-2020
"Zhang, Liang",2017-2021
"Zhang, Liang",2018-2022
"Zhang, Liang",2019-2023
"Zhang, Liang",2020-2024
"Zhang, Lin",2019-2023
"Zhang, Lin",2020-2024
"Zhang, Ling",2019-2023
"Zhang, Ling",2020-2024
"Zhang, Lini",2018-2022
"Zhang, Lini",2019-2023
"Zhang, Qi",2016-2020
"Zhang, Qi",2017-2021
"Zhang, Qi",2018-2022
"Zhang, Qi",2019-2023
"Zhang, Qi",2020-2024
"Zhang, Qian",2016-2020
"Zhang, Qian",2017-2021
"Zhang, Qian",2018-2022
"Zhang, Qian",2019-2023
"Zhang, Qian",2020-2024
"Zhang, Rong",2020-2024
"Zhang, Rui",2020-2024
"Zhang, Tao",2019-2023
"Zhang, Tao",2020-2024
"Zhang, Wei",2013-2017
"Zhang, Wei",2014-2018
"Zhang, Wei",2015-2019
"Zhang, Wei",2016-2020
"Zhang, Wei",2017-2021
"Zhang, Wei",2018-2022
"Zhang, Wei",2019-2023
"Zhang, Wei",2020-2024
"Zhang, Xiaodong",2015-2019
"Zhang, Xiaodong",2016-2020
"Zhang, Xiaodong",2017-2021
"Zhang, Xiaodong",2018-2022
"Zhang, Xiaodong",2019-2023
"Zhang, Xiaodong",2020-2024
"Zhang, Xin",2016-2020
"Zhang, Xin",2017-2021
"Zhang, Xin",2018-2022
"Zhang, Xin",2019-2023
"Zhang, Xin",2020-2024
"Zhang, Yan",2017-2021
"Zhang, Yan",2018-2022
"Zhang, Yan",2019-2023
"Zhang, Yan",2020-2024
"Zhang, Yi",2017-2021
"Zhang, Yi",2018-2022
"Zhang, Yi",2019-2023
"Zhang, Yi",2020-2024
"Zhang, Yi (Leaf)",2011-2015
"Zhang, Yi (Leaf)",2012-2016
"Zhang, Yi (Leaf)",2013-2017
"Zhang, Yi (Leaf)",2014-2018
"Zhang, Yi (Leaf)",2015-2019
"Zhang, Yi (Leaf)",2016-2020
"Zhang, Yi (Leaf)",2018-2022
"Zhang, Yi (Leaf)",2019-2023
"Zhang, Yi (Leaf)",2020-2024
"Zhang, Yin",2020-2024
"Zhang, Ying",2018-2022
"Zhang, Ying",2019-2023
"Zhang, Ying",2020-2024
"Zhang, Yingbin",2020-2024
"Zhang, Yining",2019-2023
"Zhang, Yining",2020-2024
"Zhang, You",2018-2022
"Zhang, You",2019-2023
"Zhang, You",2020-2024
"Zhang, Youliang",2020-2024
"Zhang, Yu",2018-2022
"Zhang, Yu",2019-2023
"Zhang, Yu",2020-2024
"Zhang, Yuan",2017-2021
"Zhang, Yuan",2018-2022
"Zhang, Yuanyuan",2020-2024
"Zhang, Yue",2019-2023
"Zhang, Yue",2020-2024
"Zhang, Yunfeng",2020-2024
"Zhao, Jia-Hua",2020-2024
"Zhao, Jing",2017-2021
"Zhao, Kai",2018-2022
"Zhao, Kai",2019-2023
"Zhao, Kai",2020-2024
"Zhao, Pengfei",2020-2024
"Zhao, Yuan",2020-2024
"Zheng, Binbin",2018-2022
"Zheng, Binbin",2019-2023
"Zheng, Binbin",2020-2024
"Zheng, Jia",2020-2024
"Zheng, Jie",2020-2024
"Zheng, Juan",2017-2021
"Zheng, Juan",2018-2022
"Zheng, Juan",2019-2023
"Zheng, Juan",2020-2024
"Zheng, Yi",2017-2021
"Zheng, Yi",2018-2022
"Zheng, Yi",2019-2023
"Zheng, Yi",2020-2024
"Zheng, Yongyan",2018-2022
"Zheng, Yongyan",2019-2023
"Zheng, Yongyan",2020-2024
"Zhou, Mingming",2009-2013
"Zhou, Mingming",2010-2014
"Zhou, Mingming",2011-2015
"Zhou, Mingming",2012-2016
"Zhou, Mingming",2013-2017
"Zhou, Mingming",2014-2018
"Zhou, Mingming",2015-2019
"Zhou, Mingming",2016-2020
"Zhou, Mingming",2017-2021
"Zhou, Mingming",2018-2022
"Zhou, Mingming",2019-2023
"Zhou, Mingming",2020-2024
"Zhou, Qing",2019-2023
"Zhou, Qing",2020-2024
"Zhou, Sasha",2020-2024
"Zhou, Yan",2019-2023
"Zhou, Yan",2020-2024
"Zhou, Ying",2020-2024
"Zhu, Chang",2006-2010
"Zhu, Chang",2007-2011
"Zhu, Chang",2008-2012
"Zhu, Chang",2009-2013
"Zhu, Chang",2010-2014
"Zhu, Chang",2011-2015
"Zhu, Chang",2012-2016
"Zhu, Chang",2013-2017
"Zhu, Chang",2014-2018
"Zhu, Chang",2015-2019
"Zhu, Chang",2016-2020
"Zhu, Chang",2017-2021
"Zhu, Chang",2018-2022
"Zhu, Chang",2019-2023
"Zhu, Chang",2020-2024
"Zhu, Gaoxia",2018-2022
"Zhu, Gaoxia",2019-2023
"Zhu, Gaoxia",2020-2024
"Zhu, Hui",2019-2023
"Zhu, Hui",2020-2024
"Zhu, Meina",2017-2021
"Zhu, Meina",2018-2022
"Zhu, Meina",2019-2023
"Zhu, Meina",2020-2024
"Zhu, Qiong",2019-2023
"Zhu, Qiong",2020-2024
"Zhu, Xihe",2019-2023
"Zhu, Xihe",2020-2024
"Zhu, Xiwei",2020-2024
"Zhu, Yu",2020-2024
"Zhu, Yue",2019-2023
"Zhu, Yue",2020-2024
"Zou, Bin",2019-2023
"Zou, Bin",2020-2024
